,Modelo,Acurácia,Recall
0,SVC,77.96681369460198,77.4554496477414
1,KNN,81.51648813274522,84.33485288023208
2,Decision Tree,79.96219281663515,79.07169498549523
3,XGBoost,85.80130224742702,86.7799419809366
